t,target,position,velocity,torque,statusword
0.000,0.0,0,0,0,0x0437
0.010,0.0,0,0,0,0x0437
0.020,0.0,0,0,0,0x0437
0.030,0.0,0,0,0,0x1437
0.040,0.0,0,0,0,0x1437
0.050,0.0,0,0,0,0x1437
0.060,0.0,0,0,0,0x1437
0.070,0.0,0,0,0,0x1437
0.080,0.0,0,0,0,0x1437
0.090,0.0,0,0,0,0x1437
0.100,0.0,0,0,0,0x1437
0.110,0.0,0,0,0,0x1437
0.120,0.0,0,0,0,0x1437
0.130,0.0,0,0,0,0x1437
0.140,0.0,0,0,0,0x1437
0.150,0.0,0,0,0,0x1437
0.160,0.0,0,0,0,0x1437
0.170,0.0,0,0,0,0x1437
0.180,0.0,0,0,0,0x1437
0.190,0.0,0,0,0,0x1437
0.201,111.0,0,0,0,0x1437
0.211,111.0,0,0,0,0x1437
0.221,111.0,0,0,0,0x1437
0.231,111.0,0,0,0,0x1437
0.241,111.0,0,0,0,0x1437
0.251,111.0,29,44,111,0x1437
0.261,111.0,29,44,111,0x1437
0.271,111.0,82,79,111,0x1437
0.281,111.0,82,79,111,0x1437
0.291,111.0,155,108,111,0x1437
0.300,111.0,155,108,111,0x1437
0.311,111.0,242,131,111,0x1437
0.321,111.0,242,131,111,0x1437
0.331,111.0,341,149,111,0x1437
0.340,111.0,341,149,111,0x1437
0.351,111.0,451,163,111,0x1437
0.361,111.0,451,163,111,0x1437
0.371,111.0,568,175,111,0x1437
0.381,111.0,568,175,111,0x1437
0.391,111.0,691,184,111,0x1437
0.400,111.0,691,184,111,0x1437
0.411,111.0,819,192,111,0x1437
0.421,111.0,819,192,111,0x1437
0.431,111.0,951,198,111,0x1437
0.441,111.0,951,198,111,0x1437
0.451,111.0,1086,202,111,0x1437
0.461,111.0,1086,202,111,0x1437
0.471,111.0,1224,206,111,0x1437
0.481,111.0,1224,206,111,0x1437
0.491,111.0,1364,209,111,0x1437
0.500,111.0,1364,209,111,0x1437
0.511,111.0,1506,212,111,0x1437
0.521,111.0,1506,212,111,0x1437
0.531,111.0,1648,214,111,0x1437
0.541,111.0,1648,214,111,0x1437
0.551,111.0,1792,215,111,0x1437
0.561,111.0,1792,215,111,0x1437
0.571,111.0,1937,217,111,0x1437
0.581,111.0,1937,217,111,0x1437
0.591,111.0,2082,218,111,0x1437
0.600,111.0,2082,218,111,0x1437
0.610,111.0,2228,218,111,0x1437
0.620,111.0,2228,218,111,0x1437
0.630,111.0,2374,219,111,0x1437
0.640,111.0,2374,219,111,0x1437
0.650,111.0,2521,219,111,0x1437
0.661,111.0,2521,219,111,0x1437
0.671,111.0,2668,220,111,0x1437
0.681,111.0,2668,220,111,0x1437
0.691,111.0,2815,220,111,0x1437
0.701,111.0,2815,220,111,0x1437
0.711,111.0,2962,220,111,0x1437
0.721,111.0,2962,220,111,0x1437
0.731,111.0,3110,221,111,0x1437
0.741,111.0,3110,221,111,0x1437
0.751,111.0,3257,221,111,0x1437
0.761,111.0,3257,221,111,0x1437
0.771,111.0,3405,221,111,0x1437
0.781,111.0,3405,221,111,0x1437
0.791,111.0,3553,221,111,0x1437
0.801,111.0,3553,221,111,0x1437
0.811,111.0,3700,221,111,0x1437
0.821,111.0,3700,221,111,0x1437
0.831,111.0,3848,221,111,0x1437
0.841,111.0,3848,221,111,0x1437
0.851,111.0,3996,221,111,0x1437
0.860,111.0,3996,221,111,0x1437
0.870,111.0,4144,221,111,0x1437
0.880,111.0,4144,221,111,0x1437
0.891,111.0,4292,221,111,0x1437
0.900,111.0,4292,221,111,0x1437
0.910,111.0,4440,221,111,0x1437
0.920,111.0,4440,221,111,0x1437
0.930,111.0,4588,221,111,0x1437
0.940,111.0,4588,221,111,0x1437
0.950,111.0,4736,221,111,0x1437
0.960,111.0,4736,221,111,0x1437
0.970,111.0,4884,221,111,0x1437
0.980,111.0,4884,221,111,0x1437
0.990,111.0,5032,221,111,0x1437
1.000,111.0,5032,221,111,0x1437
1.010,111.0,5180,221,111,0x1437
1.021,111.0,5180,221,111,0x1437
1.031,111.0,5328,221,111,0x1437
1.041,111.0,5328,221,111,0x1437
1.051,111.0,5476,221,111,0x1437
1.061,111.0,5476,221,111,0x1437
1.071,111.0,5624,221,111,0x1437
1.081,111.0,5624,221,111,0x1437
1.090,111.0,5772,221,111,0x1437
1.100,111.0,5772,221,111,0x1437
1.110,111.0,5920,221,111,0x1437
1.120,111.0,5920,221,111,0x1437
1.130,111.0,6068,221,111,0x1437
1.140,111.0,6068,221,111,0x1437
1.151,111.0,6216,221,111,0x1437
1.160,111.0,6216,221,111,0x1437
1.171,111.0,6364,221,111,0x1437
1.180,111.0,6364,221,111,0x1437
1.190,111.0,6512,221,111,0x1437
1.200,111.0,6512,221,111,0x1437
1.211,111.0,6660,221,111,0x1437
1.220,111.0,6660,221,111,0x1437
1.231,111.0,6808,221,111,0x1437
1.241,111.0,6808,221,111,0x1437
1.251,111.0,6956,221,111,0x1437
1.261,111.0,6956,221,111,0x1437
1.271,111.0,7104,221,111,0x1437
1.280,111.0,7104,221,111,0x1437
1.291,111.0,7252,221,111,0x1437
1.301,111.0,7252,221,111,0x1437
1.310,111.0,7400,221,111,0x1437
1.321,111.0,7400,221,111,0x1437
1.331,111.0,7548,221,111,0x1437
1.341,111.0,7548,221,111,0x1437
1.350,111.0,7696,221,111,0x1437
1.360,111.0,7696,221,111,0x1437
1.370,111.0,7844,221,111,0x1437
1.380,111.0,7844,221,111,0x1437
1.390,111.0,7992,221,111,0x1437
1.400,111.0,7992,221,111,0x1437
1.410,111.0,8140,221,111,0x1437
1.420,111.0,8140,221,111,0x1437
1.430,111.0,8288,221,111,0x1437
1.440,111.0,8288,221,111,0x1437
1.450,111.0,8436,221,111,0x1437
1.460,111.0,8436,221,111,0x1437
1.470,111.0,8584,221,111,0x1437
1.480,111.0,8584,221,111,0x1437
1.490,111.0,8732,221,111,0x1437
1.500,0.0,8732,221,111,0x1437
1.510,0.0,8880,221,111,0x1437
1.520,0.0,8880,221,111,0x1437
1.530,0.0,9028,221,111,0x1437
1.540,0.0,9028,221,111,0x1437
1.550,0.0,9146,177,0,0x1437
1.560,0.0,9146,177,0,0x1437
1.570,0.0,9241,142,0,0x1437
1.580,0.0,9241,142,0,0x1437
1.590,0.0,9316,113,0,0x1437
1.600,0.0,9316,113,0,0x1437
1.610,0.0,9377,90,0,0x1437
1.620,0.0,9377,90,0,0x1437
1.630,0.0,9426,72,0,0x1437
1.640,0.0,9426,72,0,0x1437
1.650,0.0,9464,58,0,0x1437
1.660,0.0,9464,58,0,0x1437
1.670,0.0,9495,46,0,0x1437
1.680,0.0,9495,46,0,0x1437
1.690,0.0,9520,37,0,0x1437
1.700,0.0,9520,37,0,0x1437
1.710,0.0,9540,29,0,0x1437
1.720,0.0,9540,29,0,0x1437
1.730,0.0,9556,23,0,0x1437
1.740,0.0,9556,23,0,0x1437
1.750,0.0,9569,19,0,0x1437
1.760,0.0,9569,19,0,0x1437
1.770,0.0,9579,15,0,0x1437
1.780,0.0,9579,15,0,0x1437
1.790,0.0,9587,12,0,0x1437
1.800,0.0,9587,12,0,0x1437
1.810,0.0,9593,9,0,0x1437
1.820,0.0,9593,9,0,0x1437
1.830,0.0,9599,7,0,0x1437
1.840,0.0,9599,7,0,0x1437
1.850,0.0,9603,6,0,0x1437
1.860,0.0,9603,6,0,0x1437
1.870,0.0,9606,4,0,0x1437
1.880,0.0,9606,4,0,0x1437
1.890,0.0,9609,3,0,0x1437
1.900,0.0,9609,3,0,0x1437
1.910,0.0,9611,3,0,0x1437
1.920,0.0,9611,3,0,0x1437
1.930,0.0,9613,2,0,0x1437
1.940,0.0,9613,2,0,0x1437
1.950,0.0,9614,2,0,0x1437
1.960,0.0,9614,2,0,0x1437
1.970,0.0,9615,1,0,0x1437
1.980,0.0,9615,1,0,0x1437
1.990,0.0,9616,1,0,0x1437
2.000,0.0,9616,1,0,0x1437
2.010,0.0,9617,1,0,0x1437
2.020,0.0,9617,1,0,0x1437
2.030,0.0,9617,0,0,0x1437
2.040,0.0,9617,0,0,0x1437
2.050,0.0,9618,0,0,0x1437
2.060,0.0,9618,0,0,0x1437
2.070,0.0,9618,0,0,0x1437
2.080,0.0,9618,0,0,0x1437
2.090,0.0,9618,0,0,0x1437
2.100,0.0,9618,0,0,0x1437
2.110,0.0,9619,0,0,0x1437
2.120,0.0,9619,0,0,0x1437
2.130,0.0,9619,0,0,0x1437
2.140,0.0,9619,0,0,0x1437
2.150,0.0,9619,0,0,0x1437
2.160,0.0,9619,0,0,0x1437
2.170,0.0,9619,0,0,0x1437
2.180,0.0,9619,0,0,0x1437
2.190,0.0,9619,0,0,0x1437
2.200,0.0,9619,0,0,0x1437
2.210,0.0,9619,0,0,0x1437
2.220,0.0,9619,0,0,0x1437
2.230,0.0,9619,0,0,0x1437
2.240,0.0,9619,0,0,0x1437
2.250,0.0,9619,0,0,0x1437
2.260,0.0,9619,0,0,0x1437
2.270,0.0,9619,0,0,0x1437
2.280,0.0,9619,0,0,0x1437
2.290,0.0,9619,0,0,0x1437
2.300,0.0,9619,0,0,0x1437
2.310,0.0,9619,0,0,0x1437
2.320,0.0,9619,0,0,0x1437
2.330,0.0,9619,0,0,0x1437
2.340,0.0,9619,0,0,0x1437
2.350,0.0,9619,0,0,0x1437
2.360,0.0,9619,0,0,0x1437
2.370,0.0,9619,0,0,0x1437
2.380,0.0,9619,0,0,0x1437
2.390,0.0,9619,0,0,0x1437
2.400,0.0,9619,0,0,0x1437
2.410,0.0,9619,0,0,0x1437
2.420,0.0,9619,0,0,0x1437
2.430,0.0,9619,0,0,0x1437
2.440,0.0,9619,0,0,0x1437
2.450,0.0,9619,0,0,0x1437
2.460,0.0,9619,0,0,0x1437
2.470,0.0,9619,0,0,0x1437
2.480,0.0,9619,0,0,0x1437
2.490,0.0,9619,0,0,0x1437
