t,supply_V,stage_degC,current_A,i2t_motor_pct,i2t_stage_pct,pwm_permille,state,last_emcy
0.00,48.000000,35.000000,0.050000,0,0,0,Switch on disabled,0x8220
0.20,48.000000,35.000000,0.050000,0,0,0,Switch on disabled,0x8220
0.40,48.000000,35.000000,0.050000,0,0,0,Switch on disabled,0x8220
0.60,48.000000,35.000000,0.050000,0,0,0,Switch on disabled,0x8220
0.80,48.000000,35.000000,0.050000,0,0,0,Switch on disabled,0x8220
1.00,48.000000,35.000000,0.050000,0,0,0,Switch on disabled,0x8220
1.20,48.000000,35.000000,0.050000,0,0,0,Switch on disabled,0x8220
1.40,48.000000,35.000000,0.050000,0,0,0,Switch on disabled,0x8220
1.60,48.000000,35.000000,0.050000,0,0,0,Switch on disabled,0x8220
1.80,48.000000,35.000000,0.050000,0,0,0,Switch on disabled,0x8220
2.00,48.000000,35.000000,0.050000,0,0,0,Switch on disabled,0x8220
2.20,48.000000,35.000000,0.050000,0,0,0,Switch on disabled,0x8220
2.40,48.000000,35.000000,0.050000,0,0,0,Switch on disabled,0x8220
2.60,48.000000,35.000000,0.050000,0,0,0,Switch on disabled,0x8220
2.80,48.000000,35.000000,0.050000,0,0,0,Switch on disabled,0x8220
3.00,48.000000,35.000000,0.050000,0,0,0,Switch on disabled,0x8220
3.20,48.000000,35.000000,0.050000,0,0,0,Switch on disabled,0x8220
3.40,48.000000,35.000000,0.050000,0,0,0,Switch on disabled,0x8220
3.60,48.000000,35.000000,0.050000,0,0,0,Switch on disabled,0x8220
3.80,48.000000,35.000000,0.050000,0,0,0,Switch on disabled,0x8220
